{"_wandb":{"runtime":63},"train_loss":0.00042130047222599387,"epoch":99,"_timestamp":1.746578556981339e+09,"_runtime":63.5951064,"_step":99}