{"_timestamp":1.7465794879148784e+09,"_runtime":294.0849871,"_step":500,"MAE":6.120012283325195,"_wandb":{"runtime":1210},"train_loss":0.00012324204726610333,"epoch":499}