{"_wandb":{"runtime":297},"train_loss":0.0005599187570624053,"epoch":499,"_timestamp":1.746528505348666e+09,"_runtime":296.5353528,"_step":500,"MAE":42.80602264404297}