{"epoch":499,"_timestamp":1.7465263097924526e+09,"_runtime":293.2035553,"_step":499,"_wandb":{"runtime":293},"train_loss":0.001167022273875773}