{"_timestamp":1.74652748367261e+09,"_runtime":266.8022581,"_step":499,"_wandb":{"runtime":270},"train_loss":0.0003382835420779884,"epoch":499}