{"_runtime":267.1102159,"_step":499,"_wandb":{"runtime":271},"train_loss":0.00041581635014154017,"epoch":499,"_timestamp":1.74652713397001e+09}