{"_timestamp":1.7465218769402232e+09,"MAE":10.220109779211096,"_wandb":{"runtime":2340},"_runtime":279.8359011,"_step":500,"train_loss":0.000187474099220708,"epoch":499}